{"cameraMode":{"drawMode":0,"name":"Shaded","section":"Shading Mode"},"sceneLighting":true,"audioPlay":false,"sceneViewState":{"m_AlwaysRefresh":false,"showFog":true,"showSkybox":true,"showFlares":true,"showImageEffects":true,"showParticleSystems":true,"showVisualEffectGraphs":true,"m_FxEnabled":true},"in2DMode":false,"pivot":{"x":13.237274169921875,"y":33.87643051147461,"z":44.28253936767578},"rotation":{"x":0.014526487328112126,"y":0.9777320623397827,"z":-0.19647608697414399,"w":0.07228870689868927},"size":11.77531909942627,"orthographic":false}